timestamp,voltage,current,power,energy_Wh,cumulative_energy_Wh,device_id,chain_hash
2025-06-12T18:32:12.452010,2.04,0.0,0.0,0.0,0.0,device_001,f944c53db8a7ef5d3cb9c4d0a82f7298351ecc8eebc014b57399c82b75408249
2025-06-12T18:33:12.454645,1.972,0.0,0.0,0.0,0.0,device_001,714f936bd89ebdd77225410ea6c4e4e120c0ce9dfbf90b09d64187158f4876c8
2025-06-12T18:34:12.454747,1.932,0.0,0.001,1.667e-05,1.667e-05,device_001,c38e9ab61801291c80652f8b51d761340b1b98cb6ad68f9e327cc3d3dc0a3ad7
2025-06-12T18:35:12.454895,1.88,0.0,0.0,0.0,1.667e-05,device_001,3874fb5656c30de8e30580774da647fa472a3832511b5789befd71513db7f050
2025-06-12T18:36:12.455045,1.82,0.0,0.001,1.667e-05,3.333e-05,device_001,9bb617c1c242badb578fd8e52a42db53f517887093e32e02bf51a8f781c9ca4f
2025-06-12T18:37:12.455177,1.736,0.0,0.0,0.0,3.333e-05,device_001,7d43e98d7fa01b9308aa5607215a625fdb137abdef329479c898316bc8c1e40e
2025-06-12T18:38:12.455783,1.692,0.0,0.0,0.0,3.333e-05,device_001,28a832e8cae3c515df8c4f8b570583508525d310b0a58e37edecee6ff4985eff
2025-06-12T18:39:12.455546,1.652,0.0,0.0,0.0,3.333e-05,device_001,7d849b6c7dda2c451dd55f881dffe358f170f8a5c640e9619241952a2aa2c322
2025-06-12T18:40:12.455675,1.608,0.0,0.0,0.0,3.333e-05,device_001,c4b9952e75190f1db4ddf7034729ca66b232a5c32d7b00cc8026ce384bddcb61
2025-06-12T18:41:12.455759,1.568,0.0,0.001,1.667e-05,5e-05,device_001,1123444f6293321963788b7e7dde8a241b788bfbcbca45ac3f698b3bb5fd0659
2025-06-12T18:42:12.455879,1.528,0.0,0.0,0.0,5e-05,device_001,68780a9c27157118c027b4a63c63ec8cabada6dfb88b4ba7f96e55c8f79d8b95
2025-06-12T18:43:12.456026,1.488,0.0,0.0,0.0,5e-05,device_001,82a5d17cc8eb2df8f1aafd3b2f1dda9df06b1c4efaa629e16899d74415bb8f99
2025-06-12T18:44:12.456176,1.404,0.0,0.0,0.0,5e-05,device_001,9000da289fb3341cf55ab14787288abddf252ea2d4ec930b9216d76e3675d6f8
2025-06-12T18:45:12.456327,1.272,0.0,0.0,0.0,5e-05,device_001,c1bf1cf6b2e9c7a6c4527b68c17f8be4934f6321592de366c52385908a824321
2025-06-12T18:46:12.456459,1.248,0.0,0.0,0.0,5e-05,device_001,2b964d431d3e3e0eba8b2359b18d0148d3e6605a04518d303e5d29f73c0bf0d7
2025-06-12T18:47:12.456602,1.216,0.0,0.0,0.0,5e-05,device_001,abe9776e4060b1411e562d4d38cffd2d07203bdb574a6925d4a4be42b565e328
2025-06-12T18:48:12.456785,1.204,0.0,0.0,0.0,5e-05,device_001,4dac1160e8922d2331a394f5bdbc4efd48dbadf335f770014cc9fe5eb9f9d4ac
2025-06-12T18:49:12.456932,1.188,0.0,0.0,0.0,5e-05,device_001,a4190e4726a670d6392b9fd0012349c636ea95b8fe4c9f15890b5eff4b70f630
2025-06-12T18:50:12.457004,1.204,0.0,0.0,0.0,5e-05,device_001,951db23beba8ce2a061cc4824607d1656cd3ae591c98488c350c1e12bb694847
2025-06-12T18:51:12.457143,1.168,0.0,0.0,0.0,5e-05,device_001,fbfd5a3d0ca9e7f2d508c71b6026d271c9a53b86696b54fdf037c8a94c1742b4
2025-06-12T18:52:12.457287,1.152,0.0,0.0,0.0,5e-05,device_001,23cf2bc1da6a08989a4af785f04548ef22b853417463577ba94fa310c8a0412e
2025-06-12T18:53:12.457431,1.144,0.0,0.0,0.0,5e-05,device_001,f6b5139b82c2ba4a3a66635b0ea09072e677c758c0635dfc231d4eda1eca50b5
2025-06-12T18:54:12.457619,1.12,0.0,0.0,0.0,5e-05,device_001,0db07ee4e0473694e8d995a94d7651306ca14928956ccdfc7bc80175466eb357
2025-06-12T18:55:12.458284,1.132,0.0,0.0,0.0,5e-05,device_001,5590e6d2755cba5644d5b534840d2da657978fd8db6e1dc39574d03780f8259f
2025-06-12T18:56:12.457907,1.108,0.0,0.0,0.0,5e-05,device_001,eb8f4971280d9b77e37d1b6f59a2a6967178b59a1208e4186322db901f450cd5
2025-06-12T18:57:12.458008,1.1,0.0,0.0,0.0,5e-05,device_001,ff562f057f1c81fa3f4816b871096d4db19b33783d270d340977d571c00912ee
2025-06-12T18:58:12.458138,1.096,0.0,0.0,0.0,5e-05,device_001,d57c369fb3fcc5f0e40a817750ee79eab9ae0784b626e20af43bd09e5fb07e9b
2025-06-12T18:59:12.458319,1.08,0.0,0.0,0.0,5e-05,device_001,81aa0f85aed93b3c0b2f82cb3d52c6e460e5a6c19bedd192f601cb172ec17355
2025-06-12T19:00:12.458426,1.076,0.0,0.0,0.0,5e-05,device_001,1d88eac10ff76e087a1e4d075fbfbca954ab4ac1c22405f90d241adc19d58135
2025-06-12T19:01:12.458537,1.072,0.0,0.0,0.0,5e-05,device_001,81a01d4cb893825059dc45491bdf3c22d6fec616bd4ccc15690927307718ca3b
2025-06-12T19:02:12.458653,1.052,0.0,0.0,0.0,5e-05,device_001,776223f7e14f67b25fa421cc936d16c6e1b4a5265ad0d11d5622c29facc15c27
2025-06-12T19:03:12.458754,1.052,0.0,0.0,0.0,5e-05,device_001,e5c81c0d80916d7c812da6bef95afc5ecfefff6822029a5e153de4b57ca36522
2025-06-12T19:04:12.458889,1.048,0.0,0.0,0.0,5e-05,device_001,a9f7f65ec2bd0bf086afedd9da0ff0b6cc30f8178e78d1baacbcb6e0affc59ce
2025-06-12T19:05:12.459043,1.028,0.0,0.0,0.0,5e-05,device_001,b395bb63f542df784a34ffade33d332e855c119e1dc0f63b6834b2dc70e5ddf7
2025-06-12T19:06:12.459179,1.024,0.0,0.0,0.0,5e-05,device_001,a0970c76d99d8801ef4655266cee385db8a393aad5256740821ad10c8fe63b49
2025-06-12T19:07:12.459302,1.028,0.0,0.0,0.0,5e-05,device_001,b2bd04b41bd8822258d8ce1e9a00cc621a914aa1c082530554fb04940b716cf8
2025-06-12T19:08:12.459436,1.012,0.0,0.0,0.0,5e-05,device_001,c70f435b1bff6e8ba197fc6919a5957a588d6d5fd9942293b019cb4b5b258051
2025-06-12T19:09:12.459662,0.996,0.0,0.0,0.0,5e-05,device_001,72abf8ce654c65b858cf16c2653ce95379ddfdd45e625c36539d4a19ab67dfd0
2025-06-12T19:10:12.459760,0.988,0.0,0.0,0.0,5e-05,device_001,c9b2e28466ba1b6d59ad858f0823fb36249e2ba6adb88db7760ffc362c08e49f
2025-06-12T19:11:12.459852,0.992,0.0,0.0,0.0,5e-05,device_001,a6ed0f2dbc85948eea0478c6e047d39ea68b3241eae821e29e2595af2084c77d
2025-06-12T19:12:12.460003,0.988,0.0,0.0,0.0,5e-05,device_001,1e31fcf32c1690abb3e158251556741e8d5ad003dd4466d0d180013e8cf73bf8
2025-06-12T19:13:12.460583,0.976,0.0,0.0,0.0,5e-05,device_001,388e321991bafa94b0be634a68ec46f0059be1cf03e53987aaad176b5bf1cc14
2025-06-12T19:14:12.460292,0.96,0.0,0.0,0.0,5e-05,device_001,5e9140179b7ea76c23ffbb25c518226948c8798bf2ba9133aa55c87455eead3e
2025-06-12T19:15:12.460435,0.952,0.001,0.0,0.0,5e-05,device_001,c61cd095af9592a2453cf2061066e0e0055bce3f832da92f804d097555566479
2025-06-12T19:16:12.460568,0.956,0.0,0.0,0.0,5e-05,device_001,a23d7558b044506aa59449a2be735fb258e3a85a0c90f7ef17a2c07b1fe02e1c
2025-06-12T19:17:12.460693,0.948,0.0,0.0,0.0,5e-05,device_001,55a1e2b734adae3f260ee81f37a2b2899987e16c06df0530090dde0a15b60a9a
2025-06-12T19:18:12.460898,0.94,0.0,0.0,0.0,5e-05,device_001,b127cef7f6acf3aaad5973f89f4cac57fa93cbc0afbd9aeb59f26eeff35812c0
2025-06-12T19:19:12.460978,0.952,0.0,0.0,0.0,5e-05,device_001,126bf816f8ae5fbebb834159561934a395dd48a117de5d42b93e4e5c10bb923c
2025-06-12T19:20:12.461112,0.94,0.0,0.0,0.0,5e-05,device_001,60a56af6b7ebd0bf89722c2309f52da1bfd5509896d85e697a93e5bf6577292b
2025-06-12T19:21:12.461238,0.94,0.0,0.0,0.0,5e-05,device_001,479473a7af014ebe67d6ac92d20a11215418917e3ca45dd41f396177bab04002
2025-06-12T19:22:12.461375,0.94,0.0,0.0,0.0,5e-05,device_001,d0bc5a5d819af8a30ed075a320d57c09b08db133a949c9cb52100cc68339ccc5
2025-06-12T19:23:12.461519,0.936,0.0,0.0,0.0,5e-05,device_001,867ea5aae80ba8d04fac28a89e75d1c24d002b186c77ea4053c4d4bed9389ef6
2025-06-12T19:24:12.461658,0.936,0.0,0.0,0.0,5e-05,device_001,a8c8b1d54492a1656029a24c46f5a9e26b37761e62c47e32d927cc0378de465a
2025-06-12T19:25:12.461794,0.94,0.0,0.0,0.0,5e-05,device_001,5e835446a0a615e282971fa2f5b5d977605fc4416b53276278b1c0b755c050d6
2025-06-12T19:26:12.461937,0.94,0.0,0.0,0.0,5e-05,device_001,afc7e970260fb8122e2d0d051431a26692a10d44c9257935f536f4baa871d5d8
2025-06-12T19:27:12.462061,0.94,0.0,0.0,0.0,5e-05,device_001,7bf8deb5ddde100d7b41f85f962ccc996150626a0d83b3ace85b5316c430699d
2025-06-12T19:28:12.462293,0.936,0.0,0.0,0.0,5e-05,device_001,a1c49c7bf5350879c3a55185dfa4af58d2dcc6eab2197960be6c6141833438c2
2025-06-12T19:29:12.462412,0.936,0.0,0.0,0.0,5e-05,device_001,434bacc198390ef43bbd43c4fb949cb5a5c9c176cb92a1523bde9b2a3f83e8aa
2025-06-12T19:30:12.462960,0.936,0.0,0.0,0.0,5e-05,device_001,2ca1262091049c86bda00e01fc2d716b389f3823d4ed7dfbf79d9b605255b2da
2025-06-12T19:31:12.462708,0.94,0.0,0.0,0.0,5e-05,device_001,309033d60fe59dc4acd8999f5855327f250af9def2759dbde96cf484c4666462
2025-06-12T19:32:12.462880,0.936,0.0,0.0,0.0,5e-05,device_001,819f91c9b62b6f922586bb11425b6bb1df91ad0484fad21068deafe17c61f299
2025-06-12T19:33:12.462989,0.936,0.0,0.0,0.0,5e-05,device_001,de044d1602baa455e89d52313d48e2456d4688f33fc17598ab4ecf736d8a4ec7
2025-06-12T19:34:12.463134,0.94,0.001,0.001,1.667e-05,6.667e-05,device_001,70fbce9b941101a1588075a8f61de396be114820c16989d872c847fecc337d4e
2025-06-12T19:35:12.463288,0.936,0.0,0.0,0.0,6.667e-05,device_001,eefccc3f74a25724a5787112f765eaabc9042e34a4cd6e6271a2bc01ac4857b0
2025-06-12T19:36:12.463416,0.936,-0.0,-0.0,-0.0,6.667e-05,device_001,f70a77662297868f8a52ed990057aea9df2e51b5b42368f0cc2b86a4830659fa
2025-06-12T19:37:12.463546,0.936,0.0,0.0,0.0,6.667e-05,device_001,ea2f18b8cb15d4f1dc1b7adf3f954fa5acc8619838601811c874a1f42506bd35
2025-06-12T19:38:12.463749,0.936,0.0,0.0,0.0,6.667e-05,device_001,dd1dee009302057868d4ee9712b3051315fa265a549a415c10601f3cbb597517
2025-06-12T19:39:12.463821,0.936,0.0,0.0,0.0,6.667e-05,device_001,63fc415bfcb27930a6541796ed7dd62bb823d4b59e5c0d350fbf90c4a4f9002c
2025-06-12T19:40:12.464015,0.94,0.0,0.0,0.0,6.667e-05,device_001,3bccdc442c7e6a76cc48bc3571d527b9675046c32a07a485c3a895b17f271856
2025-06-12T19:41:12.464132,0.936,0.0,0.0,0.0,6.667e-05,device_001,03178f9c61d25a8d42ded7ca473b90e6cb3da319c064391733168fd3c274d474
2025-06-12T19:42:12.464273,0.936,0.0,0.0,0.0,6.667e-05,device_001,7097bdb5155a0bf6aa075fce76805d034137653d7b2edd89ab952803deef0905
2025-06-12T19:43:12.464415,0.94,0.001,0.0,0.0,6.667e-05,device_001,ecb8b2ac12a840973cc0f7767961aa9d966c9cfef69e6b8dadea56c1d5bb1324
2025-06-12T19:44:12.464529,0.936,0.0,0.0,0.0,6.667e-05,device_001,ea44798bef53ea2ee649449a1b53be601f2adbd54a4e3bf6b761a243a2f4d99e
2025-06-12T19:45:12.464672,0.94,0.0,0.0,0.0,6.667e-05,device_001,82068606f7e53f650ffbf1e03a0c93a247ae092c2ead4f1b64a9f8c0322db92b
2025-06-12T19:46:12.464858,0.936,0.0,0.0,0.0,6.667e-05,device_001,b0d75a1e91dfa1d3c71e9b06e919abd7285edbc21407618f150672f99130833a
2025-06-12T19:47:12.465369,0.936,0.0,0.0,0.0,6.667e-05,device_001,8fe2685f530478fecfacf3cda318c1ce98e2fa11b750d108946a0c7d5f227634
2025-06-12T19:48:12.465059,0.94,0.0,0.0,0.0,6.667e-05,device_001,b3bd5eba09290a05b1fddf37ff2648321ea6ebd55e1c947b95578b5905e8229c
2025-06-12T19:49:12.465200,0.936,0.0,0.0,0.0,6.667e-05,device_001,818d2c090604873e5129d43307a7e21a872d6b93ad6dd455251ac461c8b9995b
2025-06-12T19:50:12.465330,0.94,0.0,0.0,0.0,6.667e-05,device_001,c50fe33d1714090851f5308cb3116e7985e0a5d67b0581eb1ec273a032013d5e
2025-06-12T19:51:12.465468,0.936,0.001,0.001,1.667e-05,8.333e-05,device_001,7c27e72a9a46f97c396a994d8e742d8a9a02ac89e18bff4443cf35c62e1334a5
2025-06-12T19:52:12.465608,0.94,0.0,0.0,0.0,8.333e-05,device_001,b5810e002202b5c6849d0867f6373b56a83c5dd25afcc04a96866a070a71da02
2025-06-12T19:53:12.465743,0.936,0.0,0.0,0.0,8.333e-05,device_001,540d3028b542fa7b58e335fe0e1da86defd97e60696fbbed4296d464e8aeff5f
2025-06-12T19:54:12.465879,0.936,0.0,0.0,0.0,8.333e-05,device_001,7793325ffa95afa7cf5fd010d803de5536398a4f2c383f880ec5c0c55639f1fd
2025-06-12T19:55:12.466006,0.936,0.0,0.0,0.0,8.333e-05,device_001,0ce01e3c792afff705521e88b8f886ebebdc673bfcda9b7bde44cb637db35939
2025-06-12T19:56:12.466206,0.936,0.0,0.0,0.0,8.333e-05,device_001,d482f53ede7c0aa06f94e0b08e77cf0aa1f97efb273cc70aeee85e223e770859
2025-06-12T19:57:12.466333,0.936,0.0,0.0,0.0,8.333e-05,device_001,d9e9519469f4eaaea2428610f4cfdfa5977f334079a32d1836438de9fd17c386
2025-06-12T19:58:12.466499,0.94,0.0,0.0,0.0,8.333e-05,device_001,11645a8173574d91063e2475ee032ec9278cde58f955f4bf34904be52e63a6c4
2025-06-12T19:59:12.466602,0.932,0.0,0.0,0.0,8.333e-05,device_001,428c36def3f905044837931392d2913dd20dc830818ab2c9e27894bcc152ab37
2025-06-12T20:00:12.466720,0.936,0.0,0.0,0.0,8.333e-05,device_001,680030513f7249a5bb544200e5e3f152cecf5cc112ddf4fd43d5ec5691dbaa75
2025-06-12T20:01:12.466855,0.936,0.0,0.0,0.0,8.333e-05,device_001,c7ac5009e15aed096be30da5421cbee89e08d5383eb6b7e004a06f6d3db5237e
2025-06-12T20:02:12.466997,0.936,0.0,0.0,0.0,8.333e-05,device_001,9d6cebe77605ac1eea6f13ff76ad08a6a299d23979d58d6b2edea1b4f3932f8e
2025-06-12T20:03:12.467623,0.936,0.0,0.0,0.0,8.333e-05,device_001,1604888842575b462a91100d4b8d482dbb0fa32869b24417133300856ea45c83
2025-06-12T20:04:12.467248,0.936,0.0,0.0,0.0,8.333e-05,device_001,7584599f68518c494573779da43c744167f0ff6ccc282d5e818c2458fd87c562
2025-06-12T20:05:12.467383,0.936,0.0,0.0,0.0,8.333e-05,device_001,13c6bb6279242473d29f494b23860111149d248a741132ac19ef03cdac43082c
2025-06-12T20:06:12.467508,0.936,0.0,0.0,0.0,8.333e-05,device_001,9879fb7f8337e36bc20f951ff7da2803ab5471eebd1f9c3e706f37101c71ddcf
2025-06-12T20:07:12.467719,0.936,0.0,0.0,0.0,8.333e-05,device_001,c16887e43230ac428bb4b34e72dcfab54dff4872938dcebfb1d79b35295279ed
2025-06-12T20:08:12.467778,0.936,0.0,0.0,0.0,8.333e-05,device_001,dc0aab734c55a8edf124ebfaf018eb3e5a6688f83618807bad2e47b7d8947b10
2025-06-12T20:09:12.467941,0.94,0.0,0.0,0.0,8.333e-05,device_001,304429c509b7c911c5dd302ac6cbbfed24df2de55100f0ab9f0c413fe7a83489
2025-06-12T20:10:12.468050,0.936,0.001,0.001,1.667e-05,0.0001,device_001,f805830d9f97496a04d2537f58f74b19fb56530fc4662783e74a8a1cfac33318
2025-06-12T20:11:12.468233,0.936,0.0,0.0,0.0,0.0001,device_001,fd819c24a3ac76b2c8c9ba6a97d387296a4641c995b1b695174260173a58e093
2025-06-12T20:12:12.468390,0.936,0.0,0.0,0.0,0.0001,device_001,96f28781d1c587d6f91d24be952572baedb02e1389b9c68e5beacbf57e210607
2025-06-12T20:13:12.468510,0.936,0.0,0.0,0.0,0.0001,device_001,1a7cc330e238b98284f0b2db39f75d052e35122a858f3ab0ae03554170724193
2025-06-12T20:14:12.468663,0.936,0.0,0.0,0.0,0.0001,device_001,66926fec0283651b9bfbbf58d1454ca3384fa7fbe939ecef2182347738edd667
2025-06-12T20:15:12.468863,0.936,0.0,0.0,0.0,0.0001,device_001,6504a72ce4e13b98b0a1aaf2cf1baaf9112ef27716f72ddb8a8be22d20ce682d
2025-06-12T20:16:12.468981,0.94,0.0,0.0,0.0,0.0001,device_001,df62f92805aa002c8873cc75c7497d4ab601c7637360934584e5293d506073fe
2025-06-12T20:17:12.469072,0.936,0.0,0.0,0.0,0.0001,device_001,132559f6d6ba9c68b9ebe2094a9082ba29f066b89610cfc7508a2ce071698599
2025-06-12T20:18:12.469235,0.94,0.0,0.0,0.0,0.0001,device_001,a6dba1fd421422d13eb1b8fbd8007ed029bff8360e77ad67e8122a9e0ab5814d
2025-06-12T20:19:12.469795,0.936,0.0,0.0,0.0,0.0001,device_001,b303f124623dc369ed70e0793ab7577e1c2622a8aafd2bd6b5af0f94bbbb2940
2025-06-12T20:20:12.469512,0.936,0.0,0.0,0.0,0.0001,device_001,5ca6b3d2ea0290fe29b072028085b6263ad27adbc1df94658d7afb1a38afc0f8
2025-06-12T20:21:12.469648,0.94,0.0,0.0,0.0,0.0001,device_001,925f9fdbb562d8574537bf8f58ede50050a74caf150d7e24d1478800512a7ce4
2025-06-12T20:22:12.469799,0.94,0.0,0.0,0.0,0.0001,device_001,b1193e186dd4638311a4180188844486fa43483b54fa19c351511063d9665f54
2025-06-12T20:23:12.469962,0.932,0.0,0.0,0.0,0.0001,device_001,f1b5e08d98b3c5273c55d1441a7c7cf8540da227da016a07a7c327350f44deb4
2025-06-12T20:24:12.470072,0.94,0.0,0.0,0.0,0.0001,device_001,466b60b9a73cc5c28544be920b199c0f408d0d881fcb778ba884af6f34fd7e61
2025-06-12T20:25:12.470311,0.936,0.0,0.0,0.0,0.0001,device_001,c250139b0c882ec70a5dd05ae1824b0c10fd8566e475d66c984f214a39f798ac
2025-06-12T20:26:12.470452,0.936,0.0,0.0,0.0,0.0001,device_001,38bc83f6da08d019479111dc7332565257b84ff20a48798f1e93a0d8c61836d9
2025-06-12T20:27:12.470550,0.936,0.0,0.0,0.0,0.0001,device_001,a72ff5cb23e6d95121b803c2f6d4061415f6ebfa2815ecc93ff2e16a2f1064bf
2025-06-12T20:28:12.470704,0.936,-0.0,-0.0,-0.0,0.0001,device_001,b6f089ceb03ef140abe7aacd74bc4a96a2cddb334d8176cb6acea57104be0872
2025-06-12T20:29:12.470799,0.932,0.0,0.0,0.0,0.0001,device_001,76582d3a67a783e728f9df47f9be357c36b62b230ed6b0d01de14205bca87a55
2025-06-12T20:30:12.470934,0.94,0.0,0.0,0.0,0.0001,device_001,092199c7aa687cf1200430242ffa25bf580e4844bdf027eeb2284bc921ffcc38
2025-06-12T20:31:12.471061,0.936,0.0,0.0,0.0,0.0001,device_001,fb1cd4d80c7f284bba6619814aa81bccca484c5fbaacdc29d1f5c4fde5382e30
2025-06-12T20:32:12.471228,0.94,0.0,0.0,0.0,0.0001,device_001,06ea5f1d606a36c58b3cbffd6eb1f9305bf58872fcd5d266e0ae5192fd32c09d
2025-06-12T20:33:12.471374,0.936,0.0,0.0,0.0,0.0001,device_001,39420f74e09472e4730a5f9b04f559c4ab2cde26febed725da3c4de3d8d394ac
2025-06-12T20:34:12.471941,0.94,0.0,0.0,0.0,0.0001,device_001,99e0df0086aea2697d6848e8d62de030b6e2d65e5b568c6a93018989f51b1ee6
2025-06-12T20:35:12.471704,0.936,0.0,0.0,0.0,0.0001,device_001,7f728da0d9490c0080c0f3932668c4996150107bf343eafb416e8ec4ad82c29f
2025-06-12T20:36:12.471791,0.932,0.0,0.0,0.0,0.0001,device_001,7d74f7c5b4816ecfe1806074cbd29c425c4b119d112197308873c72a4fedcb7a
2025-06-12T20:37:12.471922,0.936,0.0,0.0,0.0,0.0001,device_001,9161a09103eee06c5b3748f85415eb87c4891b256d704008b6b3e597a14ae09e
2025-06-12T20:38:12.472044,0.932,0.0,0.0,0.0,0.0001,device_001,5e7664b07c4bb52c6cb5300f94b1923750db3d68f61e7ffcbc319f4917e4721a
2025-06-12T20:39:12.472202,0.936,0.0,0.0,0.0,0.0001,device_001,6b8718a5d9ed7a8a8752ec8626dda52718fb8294386b32fbfedea87026f2f070
2025-06-12T20:40:12.472335,0.936,0.0,0.0,0.0,0.0001,device_001,722a21affe56f59fb18dd4574d006760f39a6d8f449c6fd705ddda2ed4825e19
2025-06-12T20:41:12.472476,0.936,0.0,0.0,0.0,0.0001,device_001,d57799e1b75d73522d870ab2fdd6cc415a3a8eb2d915979cacfb86bc339b460a
2025-06-12T20:42:12.472601,0.936,0.0,0.0,0.0,0.0001,device_001,a0bec4ffba63bcdd7b3fe32effd7390cfa14f603046262a1e6750438ebb6a395
2025-06-12T20:43:12.472791,0.94,0.0,0.0,0.0,0.0001,device_001,72d1732c94a725d8dff0ae2e34b7ea77e84eee36174cd87a03a359de8913a5de
2025-06-12T20:44:12.472926,0.936,0.0,0.0,0.0,0.0001,device_001,59bd38fd4eaa25dd00485b45a99ac42560a23c962aa8ad7fb855f559398b9c1b
2025-06-12T20:45:12.473005,0.932,0.0,0.0,0.0,0.0001,device_001,d34a3eb695f27db08736f823d074ef858c282f2624375fac2f0e9eda99370581
2025-06-12T20:46:12.473115,0.936,0.0,0.0,0.0,0.0001,device_001,8a29e1075e0abdb2d543160ab15e7ac167fdbc459f61404b35c85b70bf32399c
2025-06-12T20:47:12.473283,0.94,0.0,0.0,0.0,0.0001,device_001,2b2d7a69e32898431af11e5f50d200d8a6fc6d99d19a9aaee309edd38ecef453
2025-06-12T20:48:12.473396,0.936,0.0,0.0,0.0,0.0001,device_001,c12650f96bef271eb21aeee242f6f86e14d7512dcc30dc05712a03a041dfed90
2025-06-12T20:49:12.473973,0.936,0.001,0.0,0.0,0.0001,device_001,ed34ea7009fc491f5d1da179396e40aa94ae5d2910d0eb8a97c31f3f7c502db9
2025-06-12T20:50:12.473679,0.94,0.0,0.0,0.0,0.0001,device_001,fa7f69b6d8cba16bbd884720973c0975a2ad21494e3f7792d7cc10cf8b44bf98
2025-06-12T20:51:12.473827,0.936,0.0,0.0,0.0,0.0001,device_001,4d9acf8eeffaf8d27e6200c8348dd22bc726d142867012e2df76fb244137da9f
2025-06-12T20:52:12.473965,0.936,0.0,0.0,0.0,0.0001,device_001,7cafd6f53f3ffd25f1367d93ad5fb33b327e7fa54164202a47fcbeaaa88380ac
2025-06-12T20:53:12.474079,0.936,-0.0,-0.0,-0.0,0.0001,device_001,a07b28107070835ab4b8958ba531312ae249fbd9d4d70a5a074174b699d62f47
2025-06-12T20:54:12.474308,0.94,0.0,0.0,0.0,0.0001,device_001,1411dbebfaaca9a85ef81f4fba6b112f9db929de9b8f3c9a25c757f9183e12a7
2025-06-12T20:55:12.474421,0.936,0.0,0.0,0.0,0.0001,device_001,342d9669b9eba516027d2b8239f255b049855fbb93b6f6d0b0aa0b884ad85f6c
2025-06-12T20:56:12.474552,0.936,0.0,0.0,0.0,0.0001,device_001,fff060efa9301418c250821896b01b9916d17b6e1cd3847b3bf697076cdc8886
2025-06-12T20:57:12.474663,0.94,0.0,0.0,0.0,0.0001,device_001,9caad91258e4fe6b0974709e21d646a1ed8364c8b0197181f53a4e28729282cf
2025-06-12T20:58:12.474772,0.94,0.0,0.0,0.0,0.0001,device_001,1c3d703391df0500fc76b635c1932362330eb1bf4ac71d2dc952faebaf0aabfb
2025-06-12T20:59:12.474925,0.936,0.0,0.0,0.0,0.0001,device_001,daf92417061bb3c7fca0c75820bf8d9c4463b5d2de8532507b59bec91644f5a9
2025-06-12T21:00:12.475073,0.936,0.0,0.0,0.0,0.0001,device_001,9d639fc9ccd026e79baa4b4699e985a15363643fc281e1b25b2c3e941c0c2fe9
2025-06-12T21:01:12.475214,0.936,0.0,0.0,0.0,0.0001,device_001,b5d1195d48a91f17178a10ed64be80e416ad346dd66791331a2e1f859ade13a0
2025-06-12T21:02:12.475335,0.94,0.0,0.0,0.0,0.0001,device_001,8c29975994a00b4d63ddf901d80b20a49dbd3834678d8717f6b79095697ec515
2025-06-12T21:03:12.475508,0.932,0.0,0.0,0.0,0.0001,device_001,e3599c3533926b0c3001ce4a1e4587111587592ac568f8b72cea00607b3d3bde
2025-06-12T21:04:12.476034,0.936,0.0,0.0,0.0,0.0001,device_001,09fe88cc80c3a384d1ad1189357c55ee657904951a845954da326367c7227678
2025-06-12T21:05:12.475752,0.94,0.0,0.0,0.0,0.0001,device_001,111c4c4512ba8d532778f9a5666e60a4e4b7a7c11279afdc1ecf7ac10ae10a6e
2025-06-12T21:06:12.475920,0.94,0.0,0.0,0.0,0.0001,device_001,f2c551b52559d090419a21736ab3416059e7bf2d85a3a5b1aea1e802f5d5f38e
2025-06-12T21:07:12.476037,0.94,0.0,0.0,0.0,0.0001,device_001,b2c0cf73d77b5f8acc73bedfb4f7999a53311a80206db846de6d2cac057cf75d
2025-06-12T21:08:12.476173,0.94,0.0,0.0,0.0,0.0001,device_001,c24742cdf6267a4a091af9c0cfb4cc1ea097c6a6563aaf96bd132590b2e3fb42
2025-06-12T21:09:12.476304,0.94,0.0,0.0,0.0,0.0001,device_001,2e90e2802040a249cffca3c4c77e9c6b534070f4996947053e0e3797b7dd9356
2025-06-12T21:10:12.476457,0.936,0.0,0.0,0.0,0.0001,device_001,60f547b95b51d720c522be4b9e038debe673202389e6fec12720d94dafcc0d0a
2025-06-12T21:11:12.476557,0.936,0.0,0.0,0.0,0.0001,device_001,e70dcc09f007f4ac21dbad8a0e39b8f823f22f8543a1230b5f2e5c918889aad1
2025-06-12T21:12:12.476746,0.94,0.0,0.0,0.0,0.0001,device_001,19329380a73156250e5246e329a44329dcd38eb66b86716247923e19a36c7ba9
2025-06-12T21:13:12.476899,0.94,0.0,0.0,0.0,0.0001,device_001,1a81eaf5256762e662d3a40d7631ab965359748e6e9ac9f357f64c5285bc8560
2025-06-12T21:14:12.476949,0.94,0.0,0.0,0.0,0.0001,device_001,43cdc9ab8d66528af723eca8bd2eb30377c503d7c3f4606c7f64455499501258
2025-06-12T21:15:12.477089,0.94,0.0,0.0,0.0,0.0001,device_001,938fa1a88376275be5b0904fd1a7239abe7462e9a233399708cffda84a00a2cf
2025-06-12T21:16:12.477235,0.936,0.0,0.0,0.0,0.0001,device_001,e55507c39e3378981d912caebcd78b06cbabb47c15f77b1c14382fa4551bf98a
2025-06-12T21:17:12.477385,0.94,0.0,0.0,0.0,0.0001,device_001,92306f4f3129473d59ff22a9b1eb57d2e4adab476ad4e103ee59730cbbd8b2d4
2025-06-12T21:18:12.477941,0.936,0.0,0.0,0.0,0.0001,device_001,88378d2ae1f910480fcdc8695642eef1664105d43c3dbaf404ed75a6a4cc1613
2025-06-12T21:19:12.477656,0.94,0.0,0.0,0.0,0.0001,device_001,ab9e87b67048a813d5fa319555d9308286659800c7ef511b52ad6da318aa4ea8
2025-06-12T21:20:12.477768,0.94,0.0,0.0,0.0,0.0001,device_001,97c18bbdf6a130d599005bbf9b695a8f63144fc974b89a6a46d0f59de439fd99
2025-06-12T21:21:12.477920,0.936,0.0,0.0,0.0,0.0001,device_001,9067a4c488d38fc27cd456ca0b91e49f7ccdd33665f03251d02117dddc1a7921
2025-06-12T21:22:12.478025,0.94,0.001,0.0,0.0,0.0001,device_001,47259e90b3237ba0c55e4169256209eba5b2363095a394157c28b0903b4a7acf
2025-06-12T21:23:12.478235,0.936,-0.0,-0.0,-0.0,0.0001,device_001,584512fdf453f3682a92b6c82decf0d2e789f42207c3db9eb5f4901e5358e9b9
2025-06-12T21:24:12.478365,0.936,-0.0,-0.0,-0.0,0.0001,device_001,d6f91f821f4d02236b845ae83557c966f6324ad2a90e008e87774c0d50338b78
2025-06-12T21:25:12.478521,0.936,0.0,0.0,0.0,0.0001,device_001,120e18d38dfd3c386f9b9a565c8466b0a3ee655547936f2c2191de2590866da3
2025-06-12T21:26:12.478640,0.936,0.0,0.0,0.0,0.0001,device_001,a21a1eaecd9e00b41d51b54e1c8ad81da5f9fbfa777b7cdfe4422babed77050a
2025-06-12T21:27:12.478740,0.936,0.0,0.0,0.0,0.0001,device_001,901096b8cb86d79a107e92e65ce8a53d9d50702a4082084440c184036f0ec28e
2025-06-12T21:28:12.478898,0.94,0.0,0.0,0.0,0.0001,device_001,746e16b510b184adfc3ee9b6c7e7f22b0d3b9113c3e0df40acf70b560e8d7bfa
2025-06-12T21:29:12.479009,0.936,0.0,0.0,0.0,0.0001,device_001,c4169ce01e4b8f8502cd3d91e09d0819fc30a1333ace27d26f28503689127452
2025-06-12T21:30:12.479131,0.936,0.0,0.0,0.0,0.0001,device_001,2e7d6659cc0144427b93f9452e7d820d76ccb339f710400cf7a37cc4b1184865
2025-06-12T21:31:12.479303,0.936,0.0,0.0,0.0,0.0001,device_001,e4719c6fecfb562cdb60812f879430570c09e0ddebe9cb18750c0995e80decbd
2025-06-12T21:32:12.479872,0.936,0.0,0.0,0.0,0.0001,device_001,e5d024b1dcffefcfb532ea191d984f7a9136304c57e6cfada19a75aad03d6a54
2025-06-12T21:33:12.479622,0.94,0.0,0.0,0.0,0.0001,device_001,3bc6ac87fae064948f5ac099b96ce93f226c4a4e5b802751c43ad48cc6d66c36
2025-06-12T21:34:12.479744,0.936,0.0,0.0,0.0,0.0001,device_001,cefb4683da45f2d1252e63fef938cd92f6d1d6cfab77dd0988e3d3baf0ab478a
2025-06-12T21:35:12.479850,0.936,0.0,0.0,0.0,0.0001,device_001,701a17bf13628d2a035db50148469028778d2468d5b3c80220f754c2ff58f4c1
2025-06-12T21:36:12.480000,0.94,0.0,0.0,0.0,0.0001,device_001,fe1c68b538207e1bb691f55c0ad4134c8a5415cd0b4036841be4d986359ac12a
2025-06-12T21:37:12.480129,0.936,-0.0,-0.0,-0.0,0.0001,device_001,e2ba422572d4e297077bde9caca61ec1c7a5649a8fc28926c3daf1c1d62e9674
2025-06-12T21:38:12.480287,0.94,0.0,0.0,0.0,0.0001,device_001,699ba8eedfafe64896381feec1a8698d6e11dcf34b4daf981c761c077569f0b5
2025-06-12T21:39:12.480409,0.936,0.0,0.0,0.0,0.0001,device_001,66296c4f2edb86c5a50420f810ea71fde209416b273f72313ea12d0ea50c494b
2025-06-12T21:40:12.480508,0.936,0.0,0.0,0.0,0.0001,device_001,27a995d02d444d8472da6a35c110e1d008c5f15555017c0bf6c3bc2642080ed9
2025-06-12T21:41:12.480582,0.94,0.001,0.0,0.0,0.0001,device_001,97d6487ee2910457ec6883ea6651715c66a954f09afd2e4ae39843dd3532c967
2025-06-12T21:42:12.480792,0.936,0.0,0.0,0.0,0.0001,device_001,02da9e11cc655278c1441ec6d6d4004b7e3a5b36592651338f606a9c614b2815
2025-06-12T21:43:12.480904,0.94,0.0,0.0,0.0,0.0001,device_001,d7d920ec02b5dbd76c2ad27e06b3499eb4fc020973b0edc8619dccfd822cf1cc
2025-06-12T21:44:12.480983,0.932,0.0,0.0,0.0,0.0001,device_001,d22a57079aef7cb94a6a4436d075c28e707904582a9e9b5e1472b9cc5a73a99e
2025-06-12T21:45:12.481120,0.94,0.0,0.0,0.0,0.0001,device_001,ac4d4b68832a7fce60b1201b51a88ae3dba8cdd403f06d698eb1bf3945e1ff34
2025-06-12T21:46:12.481713,0.936,0.0,0.0,0.0,0.0001,device_001,757df909d54cc3de6c1000a042489bdcf902bb6c54ba768eb77e2016026791b6
2025-06-12T21:47:12.481418,0.936,0.0,0.0,0.0,0.0001,device_001,1bb690eee8e775fe52d4b257002e778e32f190c1e8cea4dc0e93a8100f3e0098
2025-06-12T21:48:12.481521,0.936,0.0,0.0,0.0,0.0001,device_001,e1e0b238be648d36029df5eca8033de902a46f6e4848780adc5c9dda9e94e5e8
2025-06-12T21:49:12.481634,0.94,0.0,0.0,0.0,0.0001,device_001,a37bfb9317ea550ee4bb344d3d38e032299ebd93ecce29e71aeba81f7e9637ac
2025-06-12T21:50:12.481746,0.936,0.0,0.0,0.0,0.0001,device_001,3cb99e1ccb145cf232c3079e370d6546c7b5e3e1ad43e245eafced760f420b5e
2025-06-12T21:51:12.481849,0.932,0.0,0.0,0.0,0.0001,device_001,a21491a29cb9640449f05a552f3e44a3d2d3b5b37d87038770ad42f458beddbb
2025-06-12T21:52:12.482007,0.936,0.0,0.0,0.0,0.0001,device_001,0253c6a88048edf3e9b82983fca74ee3e59d95eaa90d31b4c39580ef3f61bf06
2025-06-12T21:53:12.482136,0.932,0.0,0.0,0.0,0.0001,device_001,3baa34e0a5c9352af19c449505063e2d38f3182e8667f3f325aab5e176e38152
2025-06-12T21:54:12.482321,0.94,0.0,0.0,0.0,0.0001,device_001,397d76bf33232b3d45c1ed59f2f19ca945fb8e92b9fb5d101bf1a2c4b2041862
2025-06-12T21:55:12.482403,0.94,0.0,0.0,0.0,0.0001,device_001,fcb478fec7e3f1497aded20c61ba64791bca8f155f4d6d537a0b473be8623dc1
2025-06-12T21:56:12.482526,0.936,0.001,0.0,0.0,0.0001,device_001,482ddf0257473c7b1febc8cf6920b86535b4684c2ebddbe11747618649893489
2025-06-12T21:57:12.482653,0.936,0.0,0.0,0.0,0.0001,device_001,cc218c21c86cf7dd70ff6c699dd2a19e4a6554e66a199f9ec61d77a7a88691f2
2025-06-12T21:58:12.482730,0.936,0.0,0.0,0.0,0.0001,device_001,a4b5a455d4b84b10d618353c3c518389ea08bb5ec298c0704d38b6a1770d2fa6
2025-06-12T21:59:12.483275,0.936,0.0,0.0,0.0,0.0001,device_001,6ad23c012e15ec54806bff97573b04717d887d4c300f361c95d52ba3dce2fcf8
2025-06-12T22:00:12.483004,0.94,0.0,0.0,0.0,0.0001,device_001,5097eb18354961a8bb0386f98ce7a4a2a347c7b6832e7c336c83f2aec87c4764
2025-06-12T22:01:12.483136,0.936,0.0,0.0,0.0,0.0001,device_001,e20b09209635f74251a3f8957e087fe941603a1409edb9e111e4f89a0b431225
2025-06-12T22:02:12.483276,0.94,0.0,0.0,0.0,0.0001,device_001,8234943398728781b42181c0993ab34c0195b3f7f3b4955f7b2e02ced024d50a
2025-06-12T22:03:12.483409,0.94,-0.0,-0.0,-0.0,0.0001,device_001,a78a01036fd3cddb462ef7ce77350e2c0d73ad435228a5e914f3e708ab9fa95f
2025-06-12T22:04:12.483534,0.94,0.0,0.0,0.0,0.0001,device_001,c8f5999a50db166c0909aeb109f3fa08f90340b658ff11c7f5ae06ad0d51903d
2025-06-12T22:05:12.483737,0.94,0.0,0.0,0.0,0.0001,device_001,155efdac01d424f0afc50abb42476ce99b5e451f622f37550f3853e4b67eb443
2025-06-12T22:06:12.483829,0.94,0.0,0.0,0.0,0.0001,device_001,6820e1c311701677a97603ff295dab8be566e9a73f73d9f1eddcb6f42a54b539
2025-06-12T22:07:12.483959,0.936,0.0,0.0,0.0,0.0001,device_001,259f1634cc9fa576e2182e968c3bb8cd82018af69fc208b31d67edf0b086f2f4
2025-06-12T22:08:12.484067,0.94,0.0,0.0,0.0,0.0001,device_001,03ff54bf7d5ee17f7fea951386c06ad71b1b45cfdd0c465f18df1c7eeee9ef4a
2025-06-12T22:09:12.484176,0.936,0.0,0.0,0.0,0.0001,device_001,62ce3f848c33556d19b9b884b5ef7cd1011ca15ffa3c5183d9eb40b5315d0668
2025-06-12T22:10:12.484323,0.936,0.0,0.0,0.0,0.0001,device_001,97e57f2b1a94168c87ab7306d50c814990b739403c66209a4b236fdd13c2eb1e
2025-06-12T22:11:12.484446,0.94,0.0,0.0,0.0,0.0001,device_001,5e054a5d76f9ba781e9b7325867d86fde261c3f520912eebddc9590b6779af33
2025-06-12T22:12:12.485016,0.94,0.0,0.0,0.0,0.0001,device_001,88a13590a6405e0810925752ba86b75ad93b92bd92b77cb2c2e39fa2805ba4f8
2025-06-12T22:13:12.484771,0.936,0.0,0.0,0.0,0.0001,device_001,c031163f61b1742905934c122bfaf3ec6e5e181be97daa5264681c5e4bca42d9
2025-06-12T22:14:12.484890,0.936,0.0,0.0,0.0,0.0001,device_001,bef84d7465a97fe2ffab82ff13be67a89dfca25abbecd6e2d96b8641cfb719e4
2025-06-12T22:15:12.484961,0.936,0.0,0.0,0.0,0.0001,device_001,f9d517cc10bc4fce9e15a20862e4ac53a90048397450975ea5b1f95023c6f920
2025-06-12T22:16:12.485108,0.936,0.0,0.0,0.0,0.0001,device_001,bf99eb401b3c32d6e7c19f06bfc5b710fa51b9546ba15911fc67c15dab7ac042
2025-06-12T22:17:12.485228,0.94,0.0,0.0,0.0,0.0001,device_001,5f801a8e6be6d259c49966c1c3275d638ddbd284f27dfc1f4e9a5f50fe3a7f40
2025-06-12T22:18:12.485346,0.94,0.0,0.0,0.0,0.0001,device_001,9d8d4062c1d02208e56c47f43f46c0be21f071728267b5959fc5cd8fbf66140c
2025-06-12T22:19:12.485478,0.932,0.0,0.0,0.0,0.0001,device_001,32d8db004809296409fec2c308df8b53fadeb71073a2ceb80df55728f5e8dd9b
2025-06-12T22:20:12.485588,0.936,0.0,0.0,0.0,0.0001,device_001,d0950a6ce3ac335678eef64fc7f03aaacb494fea216be48e52cdc9b25192b576
2025-06-12T22:21:12.485723,0.936,0.0,0.0,0.0,0.0001,device_001,079c00a9e0fc7fe6b4dda618b2fedbbdb1556d9366b179f99a64cfbfa451c486
2025-06-12T22:22:12.485855,0.936,0.0,0.0,0.0,0.0001,device_001,48fc194def813c7780dd1330c3f7a53a27d9cc32fea5e75fa6412a6584e8f03a
2025-06-12T22:23:12.485984,0.94,0.001,0.001,1.667e-05,0.00011667,device_001,5dbaef76a03938911d24eceffff4a0779ade700160687dfeb225defc96ccbf75
2025-06-12T22:24:12.486125,0.936,0.0,0.0,0.0,0.00011667,device_001,1506f8eca67fde39c2627c7afd1d96a9e3f90e1dbc7203c30429d4d68e31c0b0
2025-06-12T22:25:12.486748,0.94,0.0,0.0,0.0,0.00011667,device_001,baba874f5a72d1d6ad1c8a365d72caed1260a296248c240136b8ef6d4263ca71
2025-06-12T22:26:12.486438,0.936,0.0,0.0,0.0,0.00011667,device_001,1c7a3bee8d448399598c8ad6f7a0e97ffa971e7d19e9fb8da37967b6595cfd45
2025-06-12T22:27:12.486568,0.936,0.0,0.0,0.0,0.00011667,device_001,aba97c6f40804c42bd2237d27dd8aff0535151676a9c70e9d39b93e7d18a96e4
2025-06-12T22:28:12.486704,0.94,0.0,0.0,0.0,0.00011667,device_001,19bea1130bdf6dd46bf86244608fd19f02f23f9c757cdf8196f485fbcf89fceb
2025-06-12T22:29:12.486847,0.936,0.0,0.0,0.0,0.00011667,device_001,9fc6ece209ff550e6a47668c2760098645d4b4928c278740c6954750b6956093
2025-06-12T22:30:12.486988,0.936,0.0,0.0,0.0,0.00011667,device_001,c0fe77942cd6a16404e94d9f01e07185c16e40efef5a0d2f56fea53ee14a9314
2025-06-12T22:31:12.487127,0.94,0.0,0.0,0.0,0.00011667,device_001,0aac5e3be7175d454f973514a0051f62929cc5156589657481a02839217f3b58
2025-06-12T22:32:12.487272,0.936,0.0,0.0,0.0,0.00011667,device_001,269fb90eac75a7d61816765dfe490efb4be4b6bcb3b5facac0ac9f2bed11f59d
2025-06-12T22:33:12.487389,0.94,0.0,0.0,0.0,0.00011667,device_001,3dd895c76061ec370eba0dacd4705cf10199d58f145929ab491983fc79955bd1
2025-06-12T22:34:12.487500,0.936,0.0,0.0,0.0,0.00011667,device_001,4b005b8ba52e17442bbdc2440c4ba77c2260cc8c809cb991e883db63acdd07ce
2025-06-12T22:35:12.487724,0.94,0.0,0.0,0.0,0.00011667,device_001,e13e1faca38f30a3354ba7bfb4995f351c517566f87ac512266f67e97b3e5961
2025-06-12T22:36:12.487787,0.94,0.0,0.0,0.0,0.00011667,device_001,81609b43f8efb5d9afb151888ad711389ecfec913c283f057008013e6b399fb1
2025-06-12T22:37:12.488352,0.936,0.0,0.0,0.0,0.00011667,device_001,38ae8a08cfbe2e545cf5994326d3675070e4c91b3580bacc3c75a6edfaf7ea6c
2025-06-12T22:38:12.488067,0.936,0.0,0.0,0.0,0.00011667,device_001,0b96f3ed87a2b3bbeffd8d5b5045be4077c4849d0462c0fb1fce7d1adc169733
2025-06-12T22:39:12.488195,0.936,0.0,0.0,0.0,0.00011667,device_001,944d38a1b124b0c79bfbf637f3c62cdff5b0c41ca9f794da17f29896374df4ee
2025-06-12T22:40:12.488326,0.94,0.0,0.0,0.0,0.00011667,device_001,95a2525a711f089b8d98344106db8109157cb518bb29ddd711f7faa5a9ef1059
2025-06-12T22:41:12.488461,0.936,0.0,0.0,0.0,0.00011667,device_001,5d472e32b896093f588f12010c60941717072e7376c214242cc59ea51a3aec85
2025-06-12T22:42:12.488611,0.94,0.0,0.0,0.0,0.00011667,device_001,170c7195a4c2a7a5d74edda0e1d460f0fa3030b13ec38ddac6129da37f3af50b
2025-06-12T22:43:12.488783,0.936,0.001,0.0,0.0,0.00011667,device_001,90308968aa2f0b54faad54b1da89633010409df18087aca31952a8edf8620613
2025-06-12T22:44:12.488906,0.94,0.001,0.001,1.667e-05,0.00013333,device_001,92bd1b475fd79b2f0761f95814e999add30aaa0bcf3096aac4c0c4fb0edd446c
2025-06-12T22:45:12.488988,0.936,0.0,0.0,0.0,0.00013333,device_001,daf01394b1b9abd1daa5f2b47b7f43a5470c6a763209248f3f28255cad96e969
2025-06-12T22:46:12.489100,0.94,0.0,0.0,0.0,0.00013333,device_001,c180609932754ac119e37e202fd17c2e9c15ad9371a6d190bfcbf4bba30a5ee0
2025-06-12T22:47:12.489256,0.936,0.0,0.0,0.0,0.00013333,device_001,180c15ee0480a17a1f7b5d998779792dc7e51f01561eb0ba2152e69690c128a5
2025-06-12T22:48:12.489357,0.936,0.0,0.0,0.0,0.00013333,device_001,758e79cf276e2f51e458e649230c2abe64a5c6c6f3614312022d36be5154d81b
2025-06-12T22:49:12.489874,0.936,0.0,0.0,0.0,0.00013333,device_001,fe3c87716ff26cab2b7a461f9b5cee3d36d631019b46129e45e52be4504faca6
2025-06-12T22:50:12.489573,0.936,0.0,0.0,0.0,0.00013333,device_001,afb34cf8c5417a05d89b44e3354d790a73e93962c7580e580df561c82d07eaa3
2025-06-12T22:51:12.489690,0.936,0.0,0.0,0.0,0.00013333,device_001,e74e557d1cbe337ea604eca19e01731d9162d8bcb6daaa7354090bab3a6e00e9
2025-06-12T22:52:12.489824,0.936,0.0,0.0,0.0,0.00013333,device_001,158fbeb95729a9a4f8ae8c42064d90458c8afc14c51757ca6df41e5fbe47360b
2025-06-12T22:53:12.489936,0.936,-0.0,-0.0,-0.0,0.00013333,device_001,39c1abf18e5654a08c9b15ebcd51f4b685671b684795c95782dc86147fabcc18
2025-06-12T22:54:12.490071,0.936,0.0,0.0,0.0,0.00013333,device_001,098cf3889c7b5633b79fae6d888d79e37bc44aedc8908b3578d630ae56c850f8
2025-06-12T22:55:12.490289,0.94,0.0,0.0,0.0,0.00013333,device_001,8ed7677f9046b6fe71b8b7646b07337dff4e338bb97c5f31fca2d38d5f5a0991
2025-06-12T22:56:12.490399,0.94,0.0,0.0,0.0,0.00013333,device_001,ec487286ff0a8a936f7db5010362dd5decc6a28587682fda68468a9a7dfff621
2025-06-12T22:57:12.490499,0.936,0.0,0.0,0.0,0.00013333,device_001,80975c37ae43ad475bd107a504ab402ed56310501be28c1e391609129aa1a1c4
2025-06-12T22:58:12.490609,0.936,0.0,0.0,0.0,0.00013333,device_001,975a9fb7628241729991042d1a9d876e8301c2d291dfe75c0ac71240a430862b
2025-06-12T22:59:12.490732,0.94,-0.0,-0.0,-0.0,0.00013333,device_001,d63e73f9a70c88626287cee7fabd960090eda12f6a177f21cedd4a5d8065070b
2025-06-12T23:00:12.490847,0.936,0.0,0.0,0.0,0.00013333,device_001,dfbc298d02355b796bf740a0efcfa98f16d0586fd8302c65bebedfeac1f3f37f
2025-06-12T23:01:12.491410,0.936,0.0,0.0,0.0,0.00013333,device_001,87909479ed725085b9bced07b7f279d1064634fe6b6740c8d0db6e025f2e4ba6
2025-06-12T23:02:12.491121,0.936,0.0,0.0,0.0,0.00013333,device_001,54c66c8f61ee821eb8a51fbc163db03ca533ab99d3790001c09038d8d6fb860e
2025-06-12T23:03:12.491278,0.94,0.0,0.0,0.0,0.00013333,device_001,9ee34fe8568c48fc568738b8e9ec05ef3b75bc93027ddcd59caf03028b0e1de9
2025-06-12T23:04:12.491394,0.936,0.0,0.0,0.0,0.00013333,device_001,53383dd994cddc96a3f36f310b8bf1a49a963d9251ec619d0da24ba80c215034
2025-06-12T23:05:12.491607,0.94,0.0,0.0,0.0,0.00013333,device_001,fc9c08865fa298d55c77e53dc2b3aeade559ec4be5414155c8bd8ea26897bc93
2025-06-12T23:06:12.491735,0.94,0.0,0.0,0.0,0.00013333,device_001,99a6ea75d9e47a91bdffea8dab324ac4217647c6cd1e5b3cb7b3c492fef026e0
2025-06-12T23:07:12.491808,0.94,0.0,0.0,0.0,0.00013333,device_001,cb85f12fb51e071bdeeb614154679acb2a45181751ab01eba686ef6e1d5a984a
2025-06-12T23:08:12.491931,0.936,0.0,0.0,0.0,0.00013333,device_001,7a3d0ebd77bdf989086eb9fcb9166641e5082479015cd0fb5155dcb7d30abe68
2025-06-12T23:09:12.492063,0.936,0.0,0.0,0.0,0.00013333,device_001,9c1446c540d4c9245f28300d48908b9f2475cf855c389c024a55fca9378b9344
2025-06-12T23:10:12.492217,0.94,0.0,0.0,0.0,0.00013333,device_001,8d6cb3f491beed9573555ebc70d8e50eda14a399c474208b33aa2374cbcb690b
2025-06-12T23:11:12.492335,0.94,0.0,0.0,0.0,0.00013333,device_001,8b1b7459e70016488bd568cf1de3ad7938c73c93a9edfe8e73c7a37238e9b39d
2025-06-12T23:12:12.492491,0.94,0.0,0.0,0.0,0.00013333,device_001,5881b7a6103341050e893cc85fb12e57e143a8e76f1c0619ae42972f0734c01e
2025-06-12T23:13:12.493031,0.936,0.0,0.0,0.0,0.00013333,device_001,d938d60906d37b3c26a968064720a3b321d7f62b7b50048d87d11041081b0c31
2025-06-12T23:14:12.492829,0.936,0.0,0.0,0.0,0.00013333,device_001,f442eb06841214ef6e4b0c369e1a036d75c5062f747810349c9c469213a14f1e
2025-06-12T23:15:12.492928,0.936,0.0,0.0,0.0,0.00013333,device_001,f6ade6b1a2796587c9abfded95f5776e01d883d55a91a482798052446321ac04
2025-06-12T23:16:12.492969,0.94,0.0,0.0,0.0,0.00013333,device_001,bd48f2fc6384916fde76ac1b62a8a4a5bd5b2f92db8bf0b9be37e9721e7bf6a8
2025-06-12T23:17:12.493121,0.936,0.0,0.0,0.0,0.00013333,device_001,5654908f2f11802ddcdb4daf2ffd6d835924a1cad6b5d5dc0e4ea381c36c1621
2025-06-12T23:18:12.493268,0.94,0.0,0.0,0.0,0.00013333,device_001,1c01ff427ff14b7e97941df31fdab955fbe91cf50fdd70b6899220b9f674e41e
2025-06-12T23:19:12.493370,0.936,0.0,0.0,0.0,0.00013333,device_001,3faf62597d0f2b1651f70405f877a0687706c42c8e394e5ad4c5380d7b6787dc
2025-06-12T23:20:12.493494,0.936,0.0,0.0,0.0,0.00013333,device_001,077d7509d00cfaf39f2de100bc1664f90978ff5e4ed3f4b67b16b757f8718b63
2025-06-12T23:21:12.493637,0.94,0.0,0.0,0.0,0.00013333,device_001,f9700e19c6206b6cb9a7076145320f239ebde2abc33aee4b1d0dc012e26ed6df
2025-06-12T23:22:12.493768,0.94,0.0,0.0,0.0,0.00013333,device_001,89d63820c5cc4c5d5f4191e4d43d054d5ff3503c9d54f9163b406ad1b8f955e3
2025-06-12T23:23:12.493910,0.94,0.0,0.0,0.0,0.00013333,device_001,2cb0b9eaf5b1e8527ae97048e1ad9b4b94652e28bf89d919f8b190083b3c851b
2025-06-12T23:24:12.494536,0.94,0.0,0.0,0.0,0.00013333,device_001,fe7c8d239fff1eb47eed84377186e0e1498da2a873cfe80c4b2f46fe90b3970e
2025-06-12T23:25:12.494224,0.936,0.0,0.0,0.0,0.00013333,device_001,0f99780136373932f8c2d3c0c94229e78756e064870853ba8f49752c25858c78
2025-06-12T23:26:12.494330,0.936,0.0,0.0,0.0,0.00013333,device_001,4c6a06e800832b1e629229d32e8de506a486b004e736129f30cc2388f3806612
2025-06-12T23:27:12.494458,0.932,0.0,0.0,0.0,0.00013333,device_001,25da170c601934a7e3b4b2436a6658ce8456f2715292349a61059586b9dff8ba
2025-06-12T23:28:12.494527,0.94,0.0,0.0,0.0,0.00013333,device_001,5d2ececf40882882f2653db78dbd6e34d4179dc2823b4a0f44f746c0225de48b
2025-06-12T23:29:12.494698,0.936,0.0,0.0,0.0,0.00013333,device_001,87bd1cd1dde494435b553dbcb804ac16c8677a713de3f51ef03cafed705d3057
2025-06-12T23:30:12.494781,0.936,0.0,0.0,0.0,0.00013333,device_001,163ddfb0c58de4b6bf7d607d81064fc4fd055ecc4bf185cae43d31000af41501
2025-06-12T23:31:12.494910,0.936,0.0,0.0,0.0,0.00013333,device_001,a4a714ed792132c936948e0cf556aa0cdfc8ba11f6f0d3a24b514890c0e71b17
2025-06-12T23:32:12.495035,0.94,0.0,0.0,0.0,0.00013333,device_001,0843404feaf180c833033c78fdb9c683f0d2ae73e5a8b024acdc265a3551a12f
2025-06-12T23:33:12.495174,0.94,0.0,0.0,0.0,0.00013333,device_001,4669c463fe9270c2322c074a82ab9829d109a5deb374e047f5c40dc36724050f
2025-06-12T23:34:12.495339,0.936,-0.0,-0.0,-0.0,0.00013333,device_001,ac98941063463110eea08fa05d8162e0315f753ad23948badb5e2bd5c393dbc9
2025-06-12T23:35:12.495911,0.936,0.0,0.0,0.0,0.00013333,device_001,e59750ec23fca6b549a87b63ffef0e457a29f14c144fb72c9ffa35c4cc07492d
2025-06-12T23:36:12.495648,0.936,0.0,0.0,0.0,0.00013333,device_001,f6f755317684d1cae294c4c560b43c86d482e127b4065d95deefc6456e32665c
2025-06-12T23:37:12.495772,0.936,-0.0,-0.0,-0.0,0.00013333,device_001,a71dcc17fb4aeb9f55174b43850aa4bc58f91a3614a3107715d2c47e3d2c35d9
2025-06-12T23:38:12.495868,0.94,0.0,0.0,0.0,0.00013333,device_001,6d72805008851bfd62098f59e5891454a72c2221ba99f58a197a76ed84dc2346
2025-06-12T23:39:12.495962,0.936,-0.0,-0.0,-0.0,0.00013333,device_001,5db4c224d988da18e996b1227257e83b2550673e3feb380166bd9dd995379d11
2025-06-12T23:40:12.496075,0.94,0.0,0.0,0.0,0.00013333,device_001,600761fcf52ff7d82cf0929740e857533a9552863dd375041c1b037c2a7dae4f
2025-06-12T23:41:12.496190,0.936,0.0,0.0,0.0,0.00013333,device_001,84479e010d1079a92cb422c49495684eb5c08322cff5f352447b205e8c70dd58
2025-06-12T23:42:12.496297,0.936,0.0,0.0,0.0,0.00013333,device_001,bcbafb2611e2347237317625fd5919194cb955bcf9d9537006a92421becf0480
2025-06-12T23:43:12.496408,0.94,0.0,0.0,0.0,0.00013333,device_001,7059e57b1c575317cd36795443294af1afcfef3d2b88a6d3037870fb227d67c8
2025-06-12T23:44:12.496576,0.94,0.0,0.0,0.0,0.00013333,device_001,fae577ee320f01049fb617a9791c03ef8222f0b5ad807e813041178511b9fe68
2025-06-12T23:45:12.496703,0.936,0.0,0.0,0.0,0.00013333,device_001,437aeed210c922ca77b502563545557ecefdc52d5404dc11f2492ee2651fafff
2025-06-12T23:46:12.497213,0.94,0.0,0.0,0.0,0.00013333,device_001,ae62f115d9da49b07accfab63eb91b51c40adcd7b0e77e8686f1590e636a79b8
2025-06-12T23:47:12.496919,0.94,0.0,0.0,0.0,0.00013333,device_001,dde7fd20fc0172e6b0ef61906fadaa49c653e3dc5d91960658c00d4c73fc1d51
2025-06-12T23:48:12.497023,0.94,0.0,0.0,0.0,0.00013333,device_001,7748d509f443dd566774e95db811173c7c624ddac213d09d78486db341e1f2b4
2025-06-12T23:49:12.497172,0.936,0.001,0.0,0.0,0.00013333,device_001,06f3baec27a7c8e6ea858b3077ebb7c6db720acac039397a101e8e9a0fb3e912
2025-06-12T23:50:12.497290,0.936,0.0,0.0,0.0,0.00013333,device_001,d2a6f9f56abe8b30d023e1d3d5d57a3cc3b92f65c64ab83270854331fff9f736
2025-06-12T23:51:12.497411,0.94,0.0,0.0,0.0,0.00013333,device_001,f4a8848b38c20118e9e1fbaafc3d800523f76daf9e2ab1c5ca10667cf243b848
2025-06-12T23:52:12.497507,0.936,0.0,0.0,0.0,0.00013333,device_001,ea94873998da52fcb030cca69a58968f784311b9c5f3c7bba4ab748c18af1d3b
2025-06-12T23:53:12.497633,0.936,0.0,0.0,0.0,0.00013333,device_001,c9d41d5cfcf7ae2363e9a2eb05e9f5211dbca5b956aafe5ee27c5c18aa1bc1ee
2025-06-12T23:54:12.497755,0.94,0.0,0.0,0.0,0.00013333,device_001,a37578d561ebd2251dbc12642799f8dc9630634f978304a255ef97c5f638b70e
2025-06-12T23:55:12.497884,0.94,0.0,0.0,0.0,0.00013333,device_001,6a61b61179542e84e28185f203d32c3eda52128e7ca1de10b7649d72e6f5d35e
2025-06-12T23:56:12.498507,0.936,0.0,0.0,0.0,0.00013333,device_001,c1c83eee364c0586fe0d4ad8dc975344fbed7118a81284d934f7bfd4bd35c470
2025-06-12T23:57:12.498137,0.936,0.001,0.001,1.667e-05,0.00015,device_001,5bdbe050e5069e92bbc758956b1c6b01b39142ab0acbd506e4db8976c2af71cc
2025-06-12T23:58:12.498320,0.936,-0.0,-0.0,-0.0,0.00015,device_001,2e94fb119f04402cd785ba8259d6c6ff586365b543a38149d90228c08e1d17fd
2025-06-12T23:59:12.498400,0.936,0.0,0.0,0.0,0.00015,device_001,0294e9dbcd83197af832f0c06adbb66ba43c7b500f8080673690061cfd70f411
